{"cameraMode":{"drawMode":0,"name":"Shaded","section":"Shading Mode"},"sceneLighting":false,"audioPlay":false,"sceneViewState":{"m_AlwaysRefresh":false,"showFog":true,"showSkybox":false,"showFlares":true,"showImageEffects":true,"showParticleSystems":true,"showVisualEffectGraphs":true,"m_FxEnabled":true},"in2DMode":false,"pivot":{"x":4.888027191162109,"y":0.4348970651626587,"z":-3.9572038650512697},"rotation":{"x":-0.012992574833333493,"y":0.9802747368812561,"z":-0.1847773939371109,"w":-0.06892728805541992},"size":1.9856407642364503,"orthographic":false}